<?xml version="1.0" encoding="UTF-8" standalone="yes"?>
<addon id="plugin.video.estuarymodskinbuild" name="Estuary MOD Skin Build Wizard" version="1.0.0" provider-name="Fransalmighty">
  <requires>
    <import addon="xbmc.python" version="2.1.0"/>
  </requires>
  <extension point="xbmc.python.pluginsource" library="default.py">
        <provides>video executable</provides>
  </extension>
  <extension point="xbmc.addon.metadata">
    <summary lang="en">Estuary MOD Skin Build Wizard</summary>
    <description lang="en">Best Kodi Build</description>
	<website>https://kodi.tv/</website>
    <platform>all</platform>
  </extension>
</addon>
